Entity,Code,Year,$2.15 a day - share of population below poverty line
Albania,ALB,1996,0.534846
Albania,ALB,2002,1.0926474
Albania,ALB,2005,0.5910857
Albania,ALB,2008,0.19992514
Albania,ALB,2012,0.6206909
Albania,ALB,2014,1.0231007
Albania,ALB,2015,0.12062106
Albania,ALB,2016,0.13930316
Albania,ALB,2017,0.39256993
Albania,ALB,2018,0.048107047
Albania,ALB,2019,0
Algeria,DZA,1988,6.4203115
Algeria,DZA,1995,5.7705665
Algeria,DZA,2011,0.45546752
Angola,AGO,2000,21.408848
Angola,AGO,2008,14.632487
Angola,AGO,2018,31.122005
Argentina - urban,,1980,0.30901244
Argentina - urban,,1986,1.1191322
Argentina - urban,,1987,1.1860859
Argentina - urban,,1991,0.9720286
Argentina - urban,,1992,1.6737125
Argentina - urban,,1993,1.9766662
Argentina - urban,,1994,1.9113266
Argentina - urban,,1995,3.8554344
Argentina - urban,,1996,4.217567
Argentina - urban,,1997,3.765751
Argentina - urban,,1998,3.9691887
Argentina - urban,,1999,4.1879582
Argentina - urban,,2000,4.988261
Argentina - urban,,2001,8.234787
Argentina - urban,,2002,12.447155
Argentina - urban,,2003,5.2792625
Argentina - urban,,2004,3.8130064
Argentina - urban,,2005,2.6311789
Argentina - urban,,2006,2.118256
Argentina - urban,,2007,1.7236683
Argentina - urban,,2008,1.5866702
Argentina - urban,,2009,1.524072
Argentina - urban,,2010,0.7493294
Argentina - urban,,2011,0.7074195
Argentina - urban,,2012,0.6407886
Argentina - urban,,2013,0.62253535
Argentina - urban,,2014,0.61246747
Argentina - urban,,2016,0.6675494
Argentina - urban,,2017,0.42402738
Argentina - urban,,2018,0.7674705
Argentina - urban,,2019,0.78400695
Argentina - urban,,2020,1.0747269
Armenia,ARM,1996,13.898823
Armenia,ARM,1999,11.899414
Armenia,ARM,2001,13.97475
Armenia,ARM,2002,9.966604
Armenia,ARM,2003,7.5395174
Armenia,ARM,2004,5.3178053
Armenia,ARM,2005,2.6295705
Armenia,ARM,2006,1.9985936
Armenia,ARM,2007,1.5362027
Armenia,ARM,2008,0.8796942
Armenia,ARM,2009,1.2476557
Armenia,ARM,2010,0.95146537
Armenia,ARM,2011,1.185071
Armenia,ARM,2012,0.83222234
Armenia,ARM,2013,1.7382652
Armenia,ARM,2014,1.4391431
Armenia,ARM,2015,1.14636
Armenia,ARM,2016,1.1079465
Armenia,ARM,2017,0.7856546
Armenia,ARM,2018,1.339821
Armenia,ARM,2019,1.0300698
Armenia,ARM,2020,0.3881346
Australia,AUS,1981,0.99350303
Australia,AUS,1985,1.0013098
Australia,AUS,1989,0.744275
Australia,AUS,1995,0.74978226
Australia,AUS,2001,0.7474116
Australia,AUS,2003,0.9973307
Australia,AUS,2004,0.71253717
Australia,AUS,2008,0.36123243
Australia,AUS,2010,0.34916842
Australia,AUS,2014,0.4984838
Australia,AUS,2016,0.49874178
Australia,AUS,2018,0.49709398
Austria,AUT,1987,0
Austria,AUT,1994,0.24839921
Austria,AUT,1995,0.99403155
Austria,AUT,1997,0.20907757
Austria,AUT,2000,0.24160877
Austria,AUT,2003,0.33220327
Austria,AUT,2004,0.08165289
Austria,AUT,2005,0.1536901
Austria,AUT,2006,0.090110004
Austria,AUT,2007,0.37229174
Austria,AUT,2008,0.47116703
Austria,AUT,2009,0.65623474
Austria,AUT,2010,0.49070254
Austria,AUT,2011,0.41540423
Austria,AUT,2012,0.6169174
Austria,AUT,2013,0.33799785
Austria,AUT,2014,0.22426021
Austria,AUT,2015,0.67719305
Austria,AUT,2016,0.6640636
Austria,AUT,2017,0.31808963
Austria,AUT,2018,0.56835836
Austria,AUT,2019,0.6406389
Azerbaijan,AZE,1995,12.420592
Azerbaijan,AZE,2001,6.1576586
Azerbaijan,AZE,2002,0.07950147
Azerbaijan,AZE,2003,0.050580967
Azerbaijan,AZE,2004,0
Azerbaijan,AZE,2005,0
Bangladesh,BGD,1983,37.285065
Bangladesh,BGD,1988,41.736576
Bangladesh,BGD,1991,41.944862
Bangladesh,BGD,1995,33.668743
Bangladesh,BGD,2000,33.321335
Bangladesh,BGD,2005,23.96659
Bangladesh,BGD,2010,18.223856
Bangladesh,BGD,2016,13.468303
Belarus,BLR,1993,0.40664917
Belarus,BLR,1995,1.2487658
Belarus,BLR,1998,21.763365
Belarus,BLR,1999,19.192299
Belarus,BLR,2000,13.642426
Belarus,BLR,2001,6.624224
Belarus,BLR,2002,4.394347
Belarus,BLR,2003,3.5103552
Belarus,BLR,2004,1.3008308
Belarus,BLR,2005,0.8908867
Belarus,BLR,2006,0.39857945
Belarus,BLR,2007,0.21858977
Belarus,BLR,2008,0.16652432
Belarus,BLR,2009,0.13817227
Belarus,BLR,2010,0.033942714
Belarus,BLR,2011,0.0065759616
Belarus,BLR,2012,0.01205592
Belarus,BLR,2013,0
Belarus,BLR,2014,0
Belarus,BLR,2015,0
Belarus,BLR,2016,0
Belarus,BLR,2017,0
Belarus,BLR,2018,0
Belarus,BLR,2019,0
Belarus,BLR,2020,0
Belgium,BEL,1985,0.24018778
Belgium,BEL,1988,0.47780892
Belgium,BEL,1992,0.9832838
Belgium,BEL,1995,0.41241008
Belgium,BEL,1997,0.4924794
Belgium,BEL,2000,0.30550602
Belgium,BEL,2003,0.2944193
Belgium,BEL,2004,0.052021958
Belgium,BEL,2005,0.19307023
Belgium,BEL,2006,0.16894153
Belgium,BEL,2007,0.15145147
Belgium,BEL,2008,0.11841666
Belgium,BEL,2009,0.10758091
Belgium,BEL,2010,0.13711528
Belgium,BEL,2011,0.16826817
Belgium,BEL,2012,0.15657145
Belgium,BEL,2013,0.14450805
Belgium,BEL,2014,0.07649596
Belgium,BEL,2015,0.07075855
Belgium,BEL,2016,0.059816156
Belgium,BEL,2017,0.14786859
Belgium,BEL,2018,0.0811136
Belgium,BEL,2019,0.07855246
Belize,BLZ,1993,13.547187
Belize,BLZ,1994,14.793828
Belize,BLZ,1995,15.266473
Belize,BLZ,1996,18.27106
Belize,BLZ,1997,21.49215
Belize,BLZ,1998,19.79584
Belize,BLZ,1999,18.013285
Benin,BEN,2003,53.089462
Benin,BEN,2011,54.261646
Benin,BEN,2015,50.70926
Benin,BEN,2018,19.896006
Bhutan,BTN,2003,13.3622055
Bhutan,BTN,2007,5.853421
Bhutan,BTN,2012,1.73033
Bhutan,BTN,2017,0.9457624
Bolivia,BOL,1997,15.538883
Bolivia,BOL,1999,21.875101
Bolivia,BOL,2000,24.247423
Bolivia,BOL,2001,19.031044
Bolivia,BOL,2002,19.68643
Bolivia,BOL,2004,10.216771
Bolivia,BOL,2005,15.606612
Bolivia,BOL,2006,12.494707
Bolivia,BOL,2007,9.466773
Bolivia,BOL,2008,8.344567
Bolivia,BOL,2009,8.781657
Bolivia,BOL,2011,5.298905
Bolivia,BOL,2012,6.467939
Bolivia,BOL,2013,5.2016296
Bolivia,BOL,2014,4.2758923
Bolivia,BOL,2015,4.6299644
Bolivia,BOL,2016,5.620338
Bolivia,BOL,2017,4.9333615
Bolivia,BOL,2018,3.281593
Bolivia,BOL,2019,1.9205352
Bolivia,BOL,2020,3.1159627
Bolivia - urban,,1990,1.9871435
Bolivia - urban,,1992,8.736937
Bosnia and Herzegovina,BIH,2001,0.325743
Bosnia and Herzegovina,BIH,2004,0.1811442
Bosnia and Herzegovina,BIH,2007,0.066458516
Bosnia and Herzegovina,BIH,2011,0.07497876
Botswana,BWA,1985,41.79435
Botswana,BWA,1993,34.109623
Botswana,BWA,2002,29.139406
Botswana,BWA,2009,17.686708
Botswana,BWA,2015,15.426242
Brazil,BRA,1981,23.9479
Brazil,BRA,1982,24.424822
Brazil,BRA,1983,30.580912
Brazil,BRA,1984,29.915468
Brazil,BRA,1985,25.75045
Brazil,BRA,1986,12.265663
Brazil,BRA,1987,19.946053
Brazil,BRA,1988,22.418053
Brazil,BRA,1989,20.403696
Brazil,BRA,1990,23.992811
Brazil,BRA,1992,23.291227
Brazil,BRA,1993,22.100883
Brazil,BRA,1995,14.736035
Brazil,BRA,1996,16.00468
Brazil,BRA,1997,15.976236
Brazil,BRA,1998,14.337864
Brazil,BRA,1999,14.968739
Brazil,BRA,2001,13.042174
Brazil,BRA,2002,11.738641
Brazil,BRA,2003,12.605869
Brazil,BRA,2004,11.055812
Brazil,BRA,2005,9.962901
Brazil,BRA,2006,8.2642355
Brazil,BRA,2007,7.870375
Brazil,BRA,2008,6.507662
Brazil,BRA,2009,6.120392
Brazil,BRA,2011,5.32249
Brazil,BRA,2012,4.493511
Brazil,BRA,2013,3.7285516
Brazil,BRA,2014,3.3259487
Brazil,BRA,2015,3.8774729
Brazil,BRA,2016,4.7061925
Brazil,BRA,2017,5.269049
Brazil,BRA,2018,5.3017626
Brazil,BRA,2019,5.388581
Brazil,BRA,2020,1.9495585
Bulgaria,BGR,1989,0.052716065
Bulgaria,BGR,1992,0
Bulgaria,BGR,1994,0.2601941
Bulgaria,BGR,1995,1.2077295
Bulgaria,BGR,1997,0.54089963
Bulgaria,BGR,2001,2.5740716
Bulgaria,BGR,2003,0.93046033
Bulgaria,BGR,2006,5.8306923
Bulgaria,BGR,2007,0.49950868
Bulgaria,BGR,2008,1.251184
Bulgaria,BGR,2009,1.3057501
Bulgaria,BGR,2010,2.0077357
Bulgaria,BGR,2011,2.4587572
Bulgaria,BGR,2012,2.3094437
Bulgaria,BGR,2013,1.7837765
Bulgaria,BGR,2014,1.6603086
Bulgaria,BGR,2015,3.4196482
Bulgaria,BGR,2016,1.966491
Bulgaria,BGR,2017,1.3717663
Bulgaria,BGR,2018,0.87046057
Bulgaria,BGR,2019,0.9236337
Burkina Faso,BFA,1994,82.079414
Burkina Faso,BFA,1998,79.91789
Burkina Faso,BFA,2003,54.70374
Burkina Faso,BFA,2009,52.64917
Burkina Faso,BFA,2014,39.60286
Burkina Faso,BFA,2018,30.535313
Burundi,BDI,1992,75.05942
Burundi,BDI,1998,79.441154
Burundi,BDI,2006,71.844315
Burundi,BDI,2013,65.1329
Cameroon,CMR,1996,50.365902
Cameroon,CMR,2001,25.694447
Cameroon,CMR,2007,31.42313
Cameroon,CMR,2014,25.657518
Canada,CAN,1971,2.249591
Canada,CAN,1975,0.998015
Canada,CAN,1981,0.49472088
Canada,CAN,1987,0.22109678
Canada,CAN,1991,0.21757378
Canada,CAN,1994,0.24814096
Canada,CAN,1997,0.49926987
Canada,CAN,1998,0.4993151
Canada,CAN,2000,0.24981049
Canada,CAN,2004,0.24355848
Canada,CAN,2007,0.24825242
Canada,CAN,2010,0.248831
Canada,CAN,2012,0.24652141
Canada,CAN,2013,0.49648544
Canada,CAN,2014,0.24215806
Canada,CAN,2015,0.24590449
Canada,CAN,2016,0.24871367
Canada,CAN,2017,0.24701065
Cape Verde,CPV,2001,19.574154
Cape Verde,CPV,2007,10.567117
Cape Verde,CPV,2015,4.564231
Central African Republic,CAF,1992,82.18547
Central African Republic,CAF,2008,61.884224
Chad,TCD,2003,57.790245
Chad,TCD,2011,36.616726
Chad,TCD,2018,30.882942
Chile,CHL,1987,15.38013
Chile,CHL,1990,10.668008
Chile,CHL,1992,6.6995983
Chile,CHL,1994,6.7974644
Chile,CHL,1996,4.664468
Chile,CHL,1998,4.5866966
Chile,CHL,2000,5.826292
Chile,CHL,2003,5.287876
Chile,CHL,2006,2.0872688
Chile,CHL,2009,1.7247626
Chile,CHL,2011,0.9312065
Chile,CHL,2013,0.53117096
Chile,CHL,2015,0.43143427
Chile,CHL,2017,0.33757934
Chile,CHL,2020,0.7495031
China,CHN,1981,91.623245
China,CHN,1984,81.15976
China,CHN,1987,67.497826
China,CHN,1990,71.96234
China,CHN,1993,62.705994
China,CHN,1996,48.140484
China,CHN,1999,45.965843
China,CHN,2002,36.503
China,CHN,2005,22.117523
China,CHN,2008,17.958988
China,CHN,2010,13.902282
China,CHN,2011,10.225214
China,CHN,2012,8.49286
China,CHN,2013,2.8830345
China,CHN,2014,2.0791492
China,CHN,2015,1.1696801
China,CHN,2016,0.8332689
China,CHN,2017,0.675714
China,CHN,2018,0.42781487
China,CHN,2019,0.14242859
China - rural,,1981,96.87143
China - rural,,1984,88.66635
China - rural,,1987,78.37541
China - rural,,1990,83.70144
China - rural,,1993,77.35049
China - rural,,1996,61.915047
China - rural,,1999,62.647022
China - rural,,2002,54.85098
China - rural,,2005,35.628475
China - rural,,2008,31.937206
China - rural,,2010,26.347506
China - rural,,2011,19.879072
China - rural,,2012,16.97438
China - rural,,2013,5.3189964
China - rural,,2014,3.7446046
China - rural,,2015,2.0908825
China - rural,,2016,1.6088012
China - rural,,2017,1.3158911
China - rural,,2018,0.8826282
China - rural,,2019,0.2601941
China - urban,,1981,70.78442
China - urban,,1984,54.857426
China - urban,,1987,33.536007
China - urban,,1990,39.305775
China - urban,,1993,27.030962
China - urban,,1996,18.75625
China - urban,,1999,14.801963
China - urban,,2002,7.100867
China - urban,,2005,3.8544457
China - urban,,2008,1.9017115
China - urban,,2010,1.0656971
China - urban,,2011,0.7666846
China - urban,,2012,0.58971804
China - urban,,2013,0.7239685
China - urban,,2014,0.67515016
China - urban,,2015,0.43105835
China - urban,,2016,0.24188721
China - urban,,2017,0.21137573
China - urban,,2018,0.11373901
China - urban,,2019,0.06492066
Colombia,COL,1992,9.557513
Colombia,COL,1996,17.57369
Colombia,COL,1999,21.354279
Colombia,COL,2000,17.496918
Colombia,COL,2001,20.995247
Colombia,COL,2002,14.178108
Colombia,COL,2003,13.005038
Colombia,COL,2004,12.007561
Colombia,COL,2005,10.738401
Colombia,COL,2008,11.025411
Colombia,COL,2009,9.605574
Colombia,COL,2010,8.284389
Colombia,COL,2011,6.8281503
Colombia,COL,2012,6.715417
Colombia,COL,2013,6.115981
Colombia,COL,2014,5.4313827
Colombia,COL,2015,4.925476
Colombia,COL,2016,4.9135303
Colombia,COL,2017,4.339305
Colombia,COL,2018,4.498261
Colombia,COL,2019,5.2847376
Colombia,COL,2020,10.821042
Colombia - urban,,1980,20.733393
Colombia - urban,,1988,15.241328
Colombia - urban,,1989,14.191733
Colombia - urban,,1991,13.41064
Comoros,COM,2004,14.625824
Comoros,COM,2014,18.643723
Congo,COG,2005,49.5537
Congo,COG,2011,35.357452
Costa Rica,CRI,1981,25.8599
Costa Rica,CRI,1986,13.922539
Costa Rica,CRI,1989,10.552571
Costa Rica,CRI,1990,10.379871
Costa Rica,CRI,1991,12.413739
Costa Rica,CRI,1992,9.941776
Costa Rica,CRI,1993,8.527353
Costa Rica,CRI,1994,7.0410643
Costa Rica,CRI,1995,7.149303
Costa Rica,CRI,1996,8.220924
Costa Rica,CRI,1997,6.7248263
Costa Rica,CRI,1998,5.2241964
Costa Rica,CRI,1999,6.8184237
Costa Rica,CRI,2000,6.9267936
Costa Rica,CRI,2001,5.094759
Costa Rica,CRI,2002,4.6752877
Costa Rica,CRI,2003,4.7242846
Costa Rica,CRI,2004,4.663471
Costa Rica,CRI,2005,3.3339496
Costa Rica,CRI,2006,3.3378456
Costa Rica,CRI,2007,1.820663
Costa Rica,CRI,2008,2.42061
Costa Rica,CRI,2009,2.4773993
Costa Rica,CRI,2010,1.4892362
Costa Rica,CRI,2011,1.7502995
Costa Rica,CRI,2012,1.6733679
Costa Rica,CRI,2013,1.6425788
Costa Rica,CRI,2014,1.5053035
Costa Rica,CRI,2015,1.5732268
Costa Rica,CRI,2016,1.3367381
Costa Rica,CRI,2017,1.172351
Costa Rica,CRI,2018,1.5057526
Costa Rica,CRI,2019,1.0571395
Costa Rica,CRI,2020,2.2156878
Cote d'Ivoire,CIV,1985,8.229619
Cote d'Ivoire,CIV,1986,4.4354844
Cote d'Ivoire,CIV,1987,9.430368
Cote d'Ivoire,CIV,1988,13.449972
Cote d'Ivoire,CIV,1992,27.058144
Cote d'Ivoire,CIV,1995,25.90621
Cote d'Ivoire,CIV,1998,30.364796
Cote d'Ivoire,CIV,2002,29.066847
Cote d'Ivoire,CIV,2008,34.41735
Cote d'Ivoire,CIV,2015,33.44714
Cote d'Ivoire,CIV,2018,11.448481
Croatia,HRV,1998,0
Croatia,HRV,1999,0.22358032
Croatia,HRV,2000,0.08932983
Croatia,HRV,2001,0.077125244
Croatia,HRV,2004,0
Croatia,HRV,2008,0
Croatia,HRV,2009,0.034421198
Croatia,HRV,2010,0
Croatia,HRV,2011,0.6253363
Croatia,HRV,2012,0.7874021
Croatia,HRV,2013,0.7288681
Croatia,HRV,2014,0.9818141
Croatia,HRV,2015,0.59481454
Croatia,HRV,2016,0.61599094
Croatia,HRV,2017,0.5171488
Croatia,HRV,2018,0.43755046
Croatia,HRV,2019,0.25992584
Cyprus,CYP,2004,0.094067946
Cyprus,CYP,2005,0.0063513494
Cyprus,CYP,2006,0.018198818
Cyprus,CYP,2007,0.025159188
Cyprus,CYP,2008,0.008470222
Cyprus,CYP,2009,0.11196495
Cyprus,CYP,2010,0.036670096
Cyprus,CYP,2011,0.008045135
Cyprus,CYP,2012,0.0042377994
Cyprus,CYP,2013,0.09701857
Cyprus,CYP,2014,0.078329794
Cyprus,CYP,2015,0.026797831
Cyprus,CYP,2016,0.041149013
Cyprus,CYP,2017,0.032828864
Cyprus,CYP,2018,0.01650658
Cyprus,CYP,2019,0.15383178
Czechia,CZE,1992,0
Czechia,CZE,1993,0.016102295
Czechia,CZE,1996,0
Czechia,CZE,2002,0
Czechia,CZE,2004,0
Czechia,CZE,2005,0.004932986
Czechia,CZE,2006,0.06581068
Czechia,CZE,2007,0.115902565
Czechia,CZE,2008,0.032779835
Czechia,CZE,2009,0.012035621
Czechia,CZE,2010,0.03617833
Czechia,CZE,2011,0.046060845
Czechia,CZE,2012,0.032207154
Czechia,CZE,2013,0.045690928
Czechia,CZE,2014,0
Czechia,CZE,2015,0.008764511
Czechia,CZE,2016,0
Czechia,CZE,2017,0
Czechia,CZE,2018,0.008861816
Czechia,CZE,2019,0
Democratic Republic of Congo,COD,2004,91.4673
Democratic Republic of Congo,COD,2012,69.68845
Denmark,DNK,1987,0.49739552
Denmark,DNK,1992,0.493952
Denmark,DNK,1995,0
Denmark,DNK,2000,0
Denmark,DNK,2003,0.3432746
Denmark,DNK,2004,0.31498066
Denmark,DNK,2005,0.25484756
Denmark,DNK,2006,0.13750921
Denmark,DNK,2007,0.01391448
Denmark,DNK,2008,0.11321057
Denmark,DNK,2009,0.49477512
Denmark,DNK,2010,0.057294007
Denmark,DNK,2011,0
Denmark,DNK,2012,0
Denmark,DNK,2013,0.31091565
Denmark,DNK,2014,0.20261091
Denmark,DNK,2015,0.17542586
Denmark,DNK,2016,0.27838695
Denmark,DNK,2017,0.14090516
Denmark,DNK,2018,0.17011176
Denmark,DNK,2019,0.25140718
Djibouti,DJI,2002,22.547213
Djibouti,DJI,2012,19.691906
Djibouti,DJI,2013,24.925982
Djibouti,DJI,2017,19.079206
Dominican Republic,DOM,1986,6.8689795
Dominican Republic,DOM,1989,17.486973
Dominican Republic,DOM,1992,7.625664
Dominican Republic,DOM,1996,6.450147
Dominican Republic,DOM,1997,6.870507
Dominican Republic,DOM,2000,6.71443
Dominican Republic,DOM,2001,5.1379633
Dominican Republic,DOM,2002,7.614324
Dominican Republic,DOM,2003,8.697802
Dominican Republic,DOM,2004,11.60731
Dominican Republic,DOM,2005,7.409543
Dominican Republic,DOM,2006,6.2552233
Dominican Republic,DOM,2007,6.067928
Dominican Republic,DOM,2008,5.4486
Dominican Republic,DOM,2009,4.679977
Dominican Republic,DOM,2010,3.8692138
Dominican Republic,DOM,2011,4.055294
Dominican Republic,DOM,2012,3.848862
Dominican Republic,DOM,2013,2.9718232
Dominican Republic,DOM,2014,3.3559256
Dominican Republic,DOM,2015,2.534987
Dominican Republic,DOM,2016,2.0301723
Dominican Republic,DOM,2017,1.0015452
Dominican Republic,DOM,2018,0.8355344
Dominican Republic,DOM,2019,0.8326866
Dominican Republic,DOM,2020,1.0594949
East Asia and Pacific,,1990,65.75492
East Asia and Pacific,,1991,63.850468
East Asia and Pacific,,1992,61.179462
East Asia and Pacific,,1993,58.21531
East Asia and Pacific,,1994,53.696667
East Asia and Pacific,,1995,50.009678
East Asia and Pacific,,1996,45.4781
East Asia and Pacific,,1997,45.22089
East Asia and Pacific,,1998,46.211433
East Asia and Pacific,,1999,42.79399
East Asia and Pacific,,2000,39.51789
East Asia and Pacific,,2001,37.22574
East Asia and Pacific,,2002,33.247124
East Asia and Pacific,,2003,29.939657
East Asia and Pacific,,2004,26.244743
East Asia and Pacific,,2005,21.603722
East Asia and Pacific,,2006,21.044825
East Asia and Pacific,,2007,18.751863
East Asia and Pacific,,2008,17.628767
East Asia and Pacific,,2009,15.545894
East Asia and Pacific,,2010,13.316376
East Asia and Pacific,,2011,10.365015
East Asia and Pacific,,2012,8.815512
East Asia and Pacific,,2013,4.4907837
East Asia and Pacific,,2014,3.5753858
East Asia and Pacific,,2015,2.6992142
East Asia and Pacific,,2016,2.2415378
East Asia and Pacific,,2017,1.9081377
East Asia and Pacific,,2018,1.5277554
East Asia and Pacific,,2019,1.1237566
East Timor,TLS,2001,21.802134
East Timor,TLS,2007,17.344942
East Timor,TLS,2014,8.006143
Ecuador,ECU,1994,17.31904
Ecuador,ECU,1999,21.843449
Ecuador,ECU,2000,28.430418
Ecuador,ECU,2003,14.853653
Ecuador,ECU,2004,15.017041
Ecuador,ECU,2005,11.803508
Ecuador,ECU,2006,8.153784
Ecuador,ECU,2007,8.518901
Ecuador,ECU,2008,7.5139527
Ecuador,ECU,2009,7.3104997
Ecuador,ECU,2010,5.678202
Ecuador,ECU,2011,4.6691976
Ecuador,ECU,2012,4.463145
Ecuador,ECU,2013,3.2410893
Ecuador,ECU,2014,2.6356108
Ecuador,ECU,2015,3.4400666
Ecuador,ECU,2016,3.5750272
Ecuador,ECU,2017,3.213253
Ecuador,ECU,2018,3.3114908
Ecuador,ECU,2019,3.583584
Ecuador,ECU,2020,6.519245
Ecuador - urban,,1987,17.656906
Ecuador - urban,,1995,13.80884
Ecuador - urban,,1998,15.98994
Egypt,EGY,1990,5.2945876
Egypt,EGY,1995,3.0367384
Egypt,EGY,1999,1.3830163
Egypt,EGY,2004,3.1076138
Egypt,EGY,2008,2.871903
Egypt,EGY,2010,1.037314
Egypt,EGY,2012,0.89007807
Egypt,EGY,2015,0.9060301
Egypt,EGY,2017,2.504851
El Salvador,SLV,1989,18.902704
El Salvador,SLV,1991,22.060562
El Salvador,SLV,1995,13.259301
El Salvador,SLV,1996,15.262266
El Salvador,SLV,1998,21.031044
El Salvador,SLV,1999,17.251173
El Salvador,SLV,2000,12.942934
El Salvador,SLV,2001,14.104641
El Salvador,SLV,2002,14.728867
El Salvador,SLV,2003,15.8137865
El Salvador,SLV,2004,11.488363
El Salvador,SLV,2005,11.278456
El Salvador,SLV,2006,7.650643
El Salvador,SLV,2007,5.0684905
El Salvador,SLV,2008,7.717508
El Salvador,SLV,2009,7.41996
El Salvador,SLV,2010,6.3456345
El Salvador,SLV,2011,5.3409295
El Salvador,SLV,2012,4.6371474
El Salvador,SLV,2013,3.624729
El Salvador,SLV,2014,3.4414845
El Salvador,SLV,2015,2.308848
El Salvador,SLV,2016,2.632982
El Salvador,SLV,2017,2.1554992
El Salvador,SLV,2018,1.8427663
El Salvador,SLV,2019,1.4019152
Estonia,EST,1993,1.3525048
Estonia,EST,1995,0.58971804
Estonia,EST,1998,0.16255738
Estonia,EST,2000,1.4341083
Estonia,EST,2001,1.2181877
Estonia,EST,2002,1.3671545
Estonia,EST,2003,1.1772459
Estonia,EST,2004,0.5493765
Estonia,EST,2005,0.81168425
Estonia,EST,2006,0.823972
Estonia,EST,2007,0.4253237
Estonia,EST,2008,0.38617754
Estonia,EST,2009,0.5550371
Estonia,EST,2010,0.7922196
Estonia,EST,2011,0.9796155
Estonia,EST,2012,0.73973876
Estonia,EST,2013,0.8596548
Estonia,EST,2014,0.8305271
Estonia,EST,2015,0.60004056
Estonia,EST,2016,0.47005862
Estonia,EST,2017,0.26870602
Estonia,EST,2018,0.24873583
Estonia,EST,2019,0.5569403
Eswatini,SWZ,1994,85.448235
Eswatini,SWZ,2000,56.133385
Eswatini,SWZ,2009,49.325603
Eswatini,SWZ,2016,36.079845
Ethiopia,ETH,1995,65.22974
Ethiopia,ETH,1999,52.654465
Ethiopia,ETH,2004,34.33869
Ethiopia,ETH,2010,31.260569
Ethiopia,ETH,2015,27.00762
Ethiopia - rural,,1981,67.11083
Europe and Central Asia,,1990,3.22962
Europe and Central Asia,,1991,3.7802455
Europe and Central Asia,,1992,5.342225
Europe and Central Asia,,1993,6.380211
Europe and Central Asia,,1994,8.231998
Europe and Central Asia,,1995,8.256098
Europe and Central Asia,,1996,8.284883
Europe and Central Asia,,1997,7.7687664
Europe and Central Asia,,1998,7.6603346
Europe and Central Asia,,1999,9.838464
Europe and Central Asia,,2000,9.156456
Europe and Central Asia,,2001,8.35271
Europe and Central Asia,,2002,7.4187474
Europe and Central Asia,,2003,7.245912
Europe and Central Asia,,2004,6.2890067
Europe and Central Asia,,2005,6.2526455
Europe and Central Asia,,2006,5.551397
Europe and Central Asia,,2007,4.9728084
Europe and Central Asia,,2008,4.3936276
Europe and Central Asia,,2009,4.2612743
Europe and Central Asia,,2010,4.199882
Europe and Central Asia,,2011,3.889353
Europe and Central Asia,,2012,3.7402027
Europe and Central Asia,,2013,3.4012578
Europe and Central Asia,,2014,3.547163
Europe and Central Asia,,2015,3.2008286
Europe and Central Asia,,2016,2.8748534
Europe and Central Asia,,2017,2.8427598
Europe and Central Asia,,2018,2.4289122
Europe and Central Asia,,2019,2.3772345
Fiji,FJI,2002,1.6781589
Fiji,FJI,2008,1.0271412
Fiji,FJI,2013,0.3635516
Fiji,FJI,2019,1.3182689
Finland,FIN,1987,0
Finland,FIN,1991,0
Finland,FIN,1995,0
Finland,FIN,2000,0
Finland,FIN,2003,0.049275037
Finland,FIN,2004,0.039413903
Finland,FIN,2005,0.05531524
Finland,FIN,2006,0.08037546
Finland,FIN,2007,0.063742585
Finland,FIN,2008,0.053872228
Finland,FIN,2009,0.052470088
Finland,FIN,2010,0.053840697
Finland,FIN,2011,0.04739088
Finland,FIN,2012,0.05272516
Finland,FIN,2013,0.08513758
Finland,FIN,2014,0.06616784
Finland,FIN,2015,0.07020851
Finland,FIN,2016,0.047236145
Finland,FIN,2017,0.065777734
Finland,FIN,2018,0.056774255
Finland,FIN,2019,0.03882923
France,FRA,1978,0.99054796
France,FRA,1984,1.4977835
France,FRA,1989,0.9899457
France,FRA,1994,0
France,FRA,2000,0
France,FRA,2003,0.1573575
France,FRA,2004,0.049725942
France,FRA,2005,0.043055452
France,FRA,2006,0.027628507
France,FRA,2007,0.0148678655
France,FRA,2008,0.009692239
France,FRA,2009,0.044348996
France,FRA,2010,0.08739457
France,FRA,2011,0.025783392
France,FRA,2012,0.060952414
France,FRA,2013,0.060390085
France,FRA,2014,0.018678667
France,FRA,2015,0.13355504
France,FRA,2016,0.058125883
France,FRA,2017,0.015888225
France,FRA,2018,0.021168055
Gabon,GAB,2005,5.483823
Gabon,GAB,2017,2.468642
Gambia,GMB,1998,74.095055
Gambia,GMB,2003,50.685493
Gambia,GMB,2010,29.829496
Gambia,GMB,2015,13.382067
Georgia,GEO,1996,6.767305
Georgia,GEO,1997,18.784472
Georgia,GEO,1998,16.96164
Georgia,GEO,1999,21.790314
Georgia,GEO,2000,22.899906
Georgia,GEO,2001,23.008429
Georgia,GEO,2002,12.689577
Georgia,GEO,2003,12.949128
Georgia,GEO,2004,12.372008
Georgia,GEO,2005,12.882767
Georgia,GEO,2006,12.590183
Georgia,GEO,2007,14.19702
Georgia,GEO,2008,12.4464655
Georgia,GEO,2009,12.127902
Georgia,GEO,2010,14.364216
Georgia,GEO,2011,13.401543
Georgia,GEO,2012,10.6662245
Georgia,GEO,2013,8.078715
Georgia,GEO,2014,6.127039
Georgia,GEO,2015,4.879492
Georgia,GEO,2016,4.9133716
Georgia,GEO,2017,6.2298656
Georgia,GEO,2018,5.55908
Georgia,GEO,2019,4.8486285
Georgia,GEO,2020,5.8068676
Germany,DEU,1991,0
Germany,DEU,1992,0
Germany,DEU,1993,0
Germany,DEU,1994,0.18821348
Germany,DEU,1995,0.24242906
Germany,DEU,1996,0
Germany,DEU,1997,0
Germany,DEU,1998,0
Germany,DEU,1999,0
Germany,DEU,2000,0
Germany,DEU,2001,0
Germany,DEU,2002,0
Germany,DEU,2003,0
Germany,DEU,2004,0
Germany,DEU,2005,0
Germany,DEU,2006,0
Germany,DEU,2007,0
Germany,DEU,2008,0
Germany,DEU,2009,0
Germany,DEU,2010,0
Germany,DEU,2011,0
Germany,DEU,2012,0
Germany,DEU,2013,0
Germany,DEU,2014,0
Germany,DEU,2015,0
Germany,DEU,2016,0
Germany,DEU,2017,0.23355322
Germany,DEU,2018,0
Ghana,GHA,1987,67.48691
Ghana,GHA,1988,66.35415
Ghana,GHA,1991,71.75439
Ghana,GHA,1998,56.710712
Ghana,GHA,2005,42.50831
Ghana,GHA,2012,25.742975
Ghana,GHA,2016,25.294516
Greece,GRC,1995,1.7376754
Greece,GRC,2000,0.49310547
Greece,GRC,2003,0.49829754
Greece,GRC,2004,0.64183205
Greece,GRC,2005,0.3385617
Greece,GRC,2006,0.55271566
Greece,GRC,2007,0.49926445
Greece,GRC,2008,0.34444377
Greece,GRC,2009,0.6266352
Greece,GRC,2010,0.9730683
Greece,GRC,2011,1.1229174
Greece,GRC,2012,1.4559224
Greece,GRC,2013,0.95517564
Greece,GRC,2014,1.5131935
Greece,GRC,2015,1.3700906
Greece,GRC,2016,1.0391967
Greece,GRC,2017,0.8727767
Greece,GRC,2018,0.13956268
Greece,GRC,2019,0.6895517
Guatemala,GTM,1986,49.702812
Guatemala,GTM,1989,36.99523
Guatemala,GTM,1998,13.99646
Guatemala,GTM,2000,9.607776
Guatemala,GTM,2006,11.650105
Guatemala,GTM,2014,9.521303
Guinea,GIN,1991,87.870384
Guinea,GIN,1994,40.78944
Guinea,GIN,2002,53.187874
Guinea,GIN,2007,47.88706
Guinea,GIN,2012,24.54415
Guinea,GIN,2018,13.8201
Guinea-Bissau,GNB,1993,42.232567
Guinea-Bissau,GNB,2002,53.166588
Guinea-Bissau,GNB,2010,66.68511
Guinea-Bissau,GNB,2018,21.66049
Guyana,GUY,1992,29.384403
Guyana,GUY,1998,11.897037
Haiti,HTI,2001,67.83363
Haiti,HTI,2012,29.192194
High income countries,,1990,0.4527026
High income countries,,1991,0.44996738
High income countries,,1992,0.4728616
High income countries,,1993,0.50602454
High income countries,,1994,0.48587272
High income countries,,1995,0.4846942
High income countries,,1996,0.5283506
High income countries,,1997,0.5330223
High income countries,,1998,0.5415613
High income countries,,1999,0.51131815
High income countries,,2000,0.4838325
High income countries,,2001,0.4829407
High income countries,,2002,0.49091336
High income countries,,2003,0.5685156
High income countries,,2004,0.5489034
High income countries,,2005,0.55522704
High income countries,,2006,0.5102476
High income countries,,2007,0.49956328
High income countries,,2008,0.51174396
High income countries,,2009,0.5171376
High income countries,,2010,0.51030195
High income countries,,2011,0.56517977
High income countries,,2012,0.58011866
High income countries,,2013,0.63364404
High income countries,,2014,0.6770406
High income countries,,2015,0.7317619
High income countries,,2016,0.6323254
High income countries,,2017,0.7013032
High income countries,,2018,0.60711104
High income countries,,2019,0.6047864
Honduras,HND,1989,39.95956
Honduras,HND,1990,41.99745
Honduras,HND,1991,30.774723
Honduras,HND,1992,26.968342
Honduras,HND,1993,21.429638
Honduras,HND,1994,24.304441
Honduras,HND,1995,26.229055
Honduras,HND,1996,28.550964
Honduras,HND,1997,19.590014
Honduras,HND,1998,24.543867
Honduras,HND,1999,24.9252
Honduras,HND,2001,19.837118
Honduras,HND,2002,21.995176
Honduras,HND,2003,26.49947
Honduras,HND,2004,25.433018
Honduras,HND,2005,25.067038
Honduras,HND,2006,21.142117
Honduras,HND,2007,15.642992
Honduras,HND,2008,15.244036
Honduras,HND,2009,12.32208
Honduras,HND,2010,13.802202
Honduras,HND,2011,14.323091
Honduras,HND,2012,16.992704
Honduras,HND,2013,14.568504
Honduras,HND,2014,13.282177
Honduras,HND,2015,12.977554
Honduras,HND,2016,14.606983
Honduras,HND,2017,13.855521
Honduras,HND,2018,14.233574
Honduras,HND,2019,12.742991
Honduras - urban,,1986,49.40574
Hungary,HUN,1987,0.06492066
Hungary,HUN,1989,0.077125244
Hungary,HUN,1991,1.6757866
Hungary,HUN,1993,0.18696655
Hungary,HUN,1994,1.2412218
Hungary,HUN,1998,0.04696981
Hungary,HUN,1999,0.0712975
Hungary,HUN,2000,0.060886282
Hungary,HUN,2001,0
Hungary,HUN,2002,0
Hungary,HUN,2003,0.018131863
Hungary,HUN,2004,0
Hungary,HUN,2005,0
Hungary,HUN,2006,0
Hungary,HUN,2007,0
Hungary,HUN,2008,0.02126505
Hungary,HUN,2009,0.06479281
Hungary,HUN,2010,0.071793154
Hungary,HUN,2011,0.09156373
Hungary,HUN,2012,0.32575902
Hungary,HUN,2013,0.1802988
Hungary,HUN,2014,0.6576744
Hungary,HUN,2015,0.62615484
Hungary,HUN,2016,1.3487226
Hungary,HUN,2017,0.60926735
Hungary,HUN,2018,0.20753035
Hungary,HUN,2019,0.30170247
Iceland,ISL,2003,0
Iceland,ISL,2004,0.17006549
Iceland,ISL,2005,0.03701966
Iceland,ISL,2006,0.14680485
Iceland,ISL,2007,0.08061417
Iceland,ISL,2008,0.060815003
Iceland,ISL,2009,0.09720067
Iceland,ISL,2010,0.14938448
Iceland,ISL,2011,0.12328396
Iceland,ISL,2012,0.033555817
Iceland,ISL,2013,0.047026344
Iceland,ISL,2014,0
Iceland,ISL,2015,0.034490183
Iceland,ISL,2016,0
Iceland,ISL,2017,0
India,IND,1977,63.113438
India,IND,1983,56.262836
India,IND,1987,50.58804
India,IND,1993,47.644573
India,IND,2004,39.909653
India,IND,2009,32.867126
India,IND,2011,22.53226
India,IND,2015,18.730556
India,IND,2016,18.106346
India,IND,2017,13.365696
India,IND,2018,11.087926
India,IND,2019,10.012203
India - rural,,1977,68.60353
India - rural,,1983,62.094315
India - rural,,1987,55.199154
India - rural,,1993,53.49183
India - rural,,2004,45.316933
India - rural,,2009,37.960625
India - rural,,2011,26.315825
India - rural,,2015,22.001148
India - rural,,2016,20.092638
India - rural,,2017,14.595456
India - rural,,2018,11.679734
India - rural,,2019,11.917882
India - urban,,1977,43.678024
India - urban,,1983,37.673363
India - urban,,1987,36.623177
India - urban,,1993,31.166388
India - urban,,2004,26.608566
India - urban,,2009,21.30813
India - urban,,2011,14.218488
India - urban,,2015,12.022836
India - urban,,2016,14.106582
India - urban,,2017,10.935455
India - urban,,2018,9.940657
India - urban,,2019,6.3896875
Indonesia,IDN,1984,74.166245
Indonesia,IDN,1987,74.31924
Indonesia,IDN,1990,62.751247
Indonesia,IDN,1993,62.096775
Indonesia,IDN,1996,51.2826
Indonesia,IDN,1998,69.12381
Indonesia,IDN,1999,45.968132
Indonesia,IDN,2000,43.60342
Indonesia,IDN,2001,39.873127
Indonesia,IDN,2002,26.794165
Indonesia,IDN,2003,26.447796
Indonesia,IDN,2004,27.014862
Indonesia,IDN,2005,24.643833
Indonesia,IDN,2006,30.586498
Indonesia,IDN,2007,25.249058
Indonesia,IDN,2008,24.746971
Indonesia,IDN,2009,20.95784
Indonesia,IDN,2010,18.253092
Indonesia,IDN,2011,15.693082
Indonesia,IDN,2012,13.735317
Indonesia,IDN,2013,11.178797
Indonesia,IDN,2014,9.261918
Indonesia,IDN,2015,8.276287
Indonesia,IDN,2016,7.5173607
Indonesia,IDN,2017,6.6183476
Indonesia,IDN,2018,5.4243
Indonesia,IDN,2019,4.380574
Indonesia,IDN,2020,3.8313687
Indonesia,IDN,2021,3.547444
Indonesia - rural,,1984,83.29945
Indonesia - rural,,1987,82.61677
Indonesia - rural,,1990,73.09232
Indonesia - rural,,1993,74.12075
Indonesia - rural,,1996,64.02223
Indonesia - rural,,1998,81.54196
Indonesia - rural,,1999,56.624443
Indonesia - rural,,2000,53.882698
Indonesia - rural,,2001,51.22202
Indonesia - rural,,2002,38.145256
Indonesia - rural,,2003,36.95277
Indonesia - rural,,2004,38.416557
Indonesia - rural,,2005,35.559406
Indonesia - rural,,2006,43.097458
Indonesia - rural,,2007,35.886612
Indonesia - rural,,2008,34.19159
Indonesia - rural,,2009,28.880407
Indonesia - rural,,2010,25.33478
Indonesia - rural,,2011,21.598343
Indonesia - rural,,2012,18.85098
Indonesia - rural,,2013,14.904107
Indonesia - rural,,2014,11.9367895
Indonesia - rural,,2015,10.2228
Indonesia - rural,,2016,9.549999
Indonesia - rural,,2017,8.415813
Indonesia - rural,,2018,7.1567283
Indonesia - rural,,2019,5.8928576
Indonesia - rural,,2020,5.08164
Indonesia - rural,,2021,4.623175
Indonesia - urban,,1984,47.119717
Indonesia - urban,,1987,52.807056
Indonesia - urban,,1990,39.280266
Indonesia - urban,,1993,38.555283
Indonesia - urban,,1996,29.808096
Indonesia - urban,,1998,50.177444
Indonesia - urban,,1999,30.500917
Indonesia - urban,,2000,29.409393
Indonesia - urban,,2001,24.695375
Indonesia - urban,,2002,12.09152
Indonesia - urban,,2003,13.269445
Indonesia - urban,,2004,13.163076
Indonesia - urban,,2005,11.799944
Indonesia - urban,,2006,16.329174
Indonesia - urban,,2007,13.508253
Indonesia - urban,,2008,14.651672
Indonesia - urban,,2009,12.756
Indonesia - urban,,2010,11.146999
Indonesia - urban,,2011,9.926713
Indonesia - urban,,2012,8.874259
Indonesia - urban,,2013,7.733843
Indonesia - urban,,2014,6.8548646
Indonesia - urban,,2015,6.571697
Indonesia - urban,,2016,5.7850866
Indonesia - urban,,2017,5.1273055
Indonesia - urban,,2018,4.025362
Indonesia - urban,,2019,3.1916285
Indonesia - urban,,2020,2.8742793
Indonesia - urban,,2021,2.7454808
Iran,IRN,1986,9.139033
Iran,IRN,1990,8.431167
Iran,IRN,1994,4.47688
Iran,IRN,1998,4.525698
Iran,IRN,2005,1.0210204
Iran,IRN,2006,0.8490967
Iran,IRN,2009,1.4918264
Iran,IRN,2013,0.26870158
Iran,IRN,2014,0.7932578
Iran,IRN,2015,0.72021693
Iran,IRN,2016,0.6932869
Iran,IRN,2017,0.63202983
Iran,IRN,2018,0.8577553
Iran,IRN,2019,1.0503994
Iraq,IRQ,2006,0.03518214
Iraq,IRQ,2012,0.08875246
Ireland,IRL,1987,0.689184
Ireland,IRL,1994,0.16343376
Ireland,IRL,1995,0.17609753
Ireland,IRL,1996,0.22401808
Ireland,IRL,2000,0.1782722
Ireland,IRL,2002,0.23505184
Ireland,IRL,2003,0.1276327
Ireland,IRL,2004,0.05210594
Ireland,IRL,2005,0.021705687
Ireland,IRL,2006,0.3984308
Ireland,IRL,2007,0.09849627
Ireland,IRL,2008,0.1805067
Ireland,IRL,2009,0.49060217
Ireland,IRL,2010,0.54275715
Ireland,IRL,2011,0.54494464
Ireland,IRL,2012,0.33501238
Ireland,IRL,2013,0.6822285
Ireland,IRL,2014,0.3889538
Ireland,IRL,2015,0.36762756
Ireland,IRL,2016,0.13472612
Ireland,IRL,2017,0.24319611
Ireland,IRL,2018,0.003921386
Israel,ISR,1979,0
Israel,ISR,1986,0.23550048
Israel,ISR,1992,0.21532728
Israel,ISR,1997,0.24560836
Israel,ISR,2001,0.24897777
Israel,ISR,2002,0.48042536
Israel,ISR,2003,0.46270585
Israel,ISR,2004,0.49913886
Israel,ISR,2005,0.4833153
Israel,ISR,2006,0.22496581
Israel,ISR,2007,0.49181238
Israel,ISR,2008,0.4835079
Israel,ISR,2009,0.49162775
Israel,ISR,2010,0.22767836
Israel,ISR,2011,0.23077059
Israel,ISR,2012,0.7390074
Israel,ISR,2013,0.45378032
Israel,ISR,2014,0.49243242
Israel,ISR,2015,0.49385366
Israel,ISR,2016,0.24139464
Israel,ISR,2017,0.45742482
Israel,ISR,2018,0.49676624
Italy,ITA,1986,0.2057441
Italy,ITA,1987,1.2409264
Italy,ITA,1989,0
Italy,ITA,1991,0.24771695
Italy,ITA,1993,1.2232189
Italy,ITA,1995,0.74232906
Italy,ITA,1998,1.7424413
Italy,ITA,2000,1.2495171
Italy,ITA,2003,0.7694033
Italy,ITA,2004,0.6045206
Italy,ITA,2005,0.6472902
Italy,ITA,2006,0.65343624
Italy,ITA,2007,0.68024296
Italy,ITA,2008,0.70417947
Italy,ITA,2009,0.9115793
Italy,ITA,2010,1.2652895
Italy,ITA,2011,1.1560482
Italy,ITA,2012,1.2006085
Italy,ITA,2013,1.3731672
Italy,ITA,2014,1.2321203
Italy,ITA,2015,1.9488664
Italy,ITA,2016,1.6299455
Italy,ITA,2017,1.4216342
Italy,ITA,2018,1.4576468
Jamaica,JAM,1988,4.6355395
Jamaica,JAM,1990,2.8804874
Jamaica,JAM,1993,7.418186
Jamaica,JAM,1996,2.5628607
Jamaica,JAM,1999,2.3147032
Jamaica,JAM,2002,2.1286912
Jamaica,JAM,2004,1.177246
Japan,JPN,2008,0.47982562
Japan,JPN,2010,0
Japan,JPN,2013,0.72788787
Jordan,JOR,1986,0
Jordan,JOR,1992,0.6385364
Jordan,JOR,1997,0.40664917
Jordan,JOR,2002,0.1951805
Jordan,JOR,2006,0.09088745
Jordan,JOR,2008,0.010805057
Jordan,JOR,2010,0.040854882
Kazakhstan,KAZ,1993,8.435303
Kazakhstan,KAZ,1996,7.9405093
Kazakhstan,KAZ,2001,12.81442
Kazakhstan,KAZ,2002,8.887372
Kazakhstan,KAZ,2003,6.1678133
Kazakhstan,KAZ,2004,3.3167067
Kazakhstan,KAZ,2005,8.661422
Kazakhstan,KAZ,2006,1.0114723
Kazakhstan,KAZ,2007,0.38554862
Kazakhstan,KAZ,2008,0.24286519
Kazakhstan,KAZ,2009,0.24416532
Kazakhstan,KAZ,2010,0.1951229
Kazakhstan,KAZ,2011,0.07109477
Kazakhstan,KAZ,2012,0.03842411
Kazakhstan,KAZ,2013,0.033109628
Kazakhstan,KAZ,2014,0.01927526
Kazakhstan,KAZ,2015,0.038270585
Kazakhstan,KAZ,2016,0.050528716
Kazakhstan,KAZ,2017,0.041498996
Kazakhstan,KAZ,2018,0.015140791
Kenya,KEN,1992,26.44514
Kenya,KEN,1994,25.880554
Kenya,KEN,1997,25.393864
Kenya,KEN,2005,36.67384
Kenya,KEN,2015,29.365107
Kiribati,KIR,2006,14.027152
Kiribati,KIR,2019,1.6573611
Kosovo,OWID_KOS,2003,2.3978596
Kosovo,OWID_KOS,2005,4.209292
Kosovo,OWID_KOS,2006,4.075942
Kosovo,OWID_KOS,2009,3.4097538
Kosovo,OWID_KOS,2010,2.8943646
Kosovo,OWID_KOS,2011,1.8802685
Kosovo,OWID_KOS,2012,0.8349306
Kosovo,OWID_KOS,2013,0.44521713
Kosovo,OWID_KOS,2014,1.1369094
Kosovo,OWID_KOS,2015,0.7797739
Kosovo,OWID_KOS,2016,0.7646961
Kosovo,OWID_KOS,2017,0.4402413
Kyrgyzstan,KGZ,1998,28.423458
Kyrgyzstan,KGZ,2000,38.18244
Kyrgyzstan,KGZ,2001,33.356903
Kyrgyzstan,KGZ,2002,31.149363
Kyrgyzstan,KGZ,2003,25.703178
Kyrgyzstan,KGZ,2004,11.575469
Kyrgyzstan,KGZ,2005,13.574837
Kyrgyzstan,KGZ,2006,8.371434
Kyrgyzstan,KGZ,2007,8.752659
Kyrgyzstan,KGZ,2008,3.3092885
Kyrgyzstan,KGZ,2009,1.5469307
Kyrgyzstan,KGZ,2010,3.521418
Kyrgyzstan,KGZ,2011,1.2577704
Kyrgyzstan,KGZ,2012,2.6298146
Kyrgyzstan,KGZ,2013,2.6200042
Kyrgyzstan,KGZ,2014,1.0484436
Kyrgyzstan,KGZ,2015,2.1805964
Kyrgyzstan,KGZ,2016,1.1435105
Kyrgyzstan,KGZ,2017,1.2685746
Kyrgyzstan,KGZ,2018,0.73589146
Kyrgyzstan,KGZ,2019,0.6590637
Kyrgyzstan,KGZ,2020,1.3309736
Laos,LAO,1992,23.700804
Laos,LAO,1997,43.195442
Laos,LAO,2002,25.369883
Laos,LAO,2007,19.54654
Laos,LAO,2012,10.891045
Laos,LAO,2018,7.138363
Latin America and the Caribbean,,1990,16.7194
Latin America and the Caribbean,,1991,15.75502
Latin America and the Caribbean,,1992,15.846863
Latin America and the Caribbean,,1993,15.620659
Latin America and the Caribbean,,1994,14.42259
Latin America and the Caribbean,,1995,14.442973
Latin America and the Caribbean,,1996,16.1909
Latin America and the Caribbean,,1997,15.349528
Latin America and the Caribbean,,1998,14.519556
Latin America and the Caribbean,,1999,14.666288
Latin America and the Caribbean,,2000,13.526498
Latin America and the Caribbean,,2001,13.238329
Latin America and the Caribbean,,2002,12.437843
Latin America and the Caribbean,,2003,12.128524
Latin America and the Caribbean,,2004,11.045308
Latin America and the Caribbean,,2005,10.450051
Latin America and the Caribbean,,2006,8.5194235
Latin America and the Caribbean,,2007,8.128915
Latin America and the Caribbean,,2008,7.552544
Latin America and the Caribbean,,2009,7.1128693
Latin America and the Caribbean,,2010,6.4461765
Latin America and the Caribbean,,2011,5.965467
Latin America and the Caribbean,,2012,5.0641804
Latin America and the Caribbean,,2013,4.531518
Latin America and the Caribbean,,2014,4.271436
Latin America and the Caribbean,,2015,4.183153
Latin America and the Caribbean,,2016,4.4054384
Latin America and the Caribbean,,2017,4.378009
Latin America and the Caribbean,,2018,4.285549
Latin America and the Caribbean,,2019,4.3224373
Latvia,LVA,1993,0.016102295
Latvia,LVA,1995,0.03057297
Latvia,LVA,1996,1.7655892
Latvia,LVA,1997,2.1971016
Latvia,LVA,1998,1.7564353
Latvia,LVA,2002,0.71719414
Latvia,LVA,2003,0.6044631
Latvia,LVA,2004,0.28444552
Latvia,LVA,2005,2.3620217
Latvia,LVA,2006,1.5533316
Latvia,LVA,2007,0.021305429
Latvia,LVA,2008,0.027127188
Latvia,LVA,2009,0.35493138
Latvia,LVA,2010,1.7326764
Latvia,LVA,2011,1.0286086
Latvia,LVA,2012,1.0676994
Latvia,LVA,2013,1.1653787
Latvia,LVA,2014,0.7913559
Latvia,LVA,2015,0.650311
Latvia,LVA,2016,0.64695126
Latvia,LVA,2017,0.79721785
Latvia,LVA,2018,0.36000243
Latvia,LVA,2019,0.2391008
Lebanon,LBN,2011,0
Lesotho,LSO,1986,54.076935
Lesotho,LSO,1994,53.746536
Lesotho,LSO,2002,66.33909
Lesotho,LSO,2017,32.39991
Liberia,LBR,2007,53.347775
Liberia,LBR,2014,25.930763
Liberia,LBR,2016,27.617748
Lithuania,LTU,1993,6.6169634
Lithuania,LTU,1996,0
Lithuania,LTU,1998,0.32259646
Lithuania,LTU,1999,0.29311338
Lithuania,LTU,2000,0.24524175
Lithuania,LTU,2001,0.57852477
Lithuania,LTU,2002,0.5038035
Lithuania,LTU,2003,0.19467595
Lithuania,LTU,2004,0.09246566
Lithuania,LTU,2005,1.7817268
Lithuania,LTU,2006,1.523017
Lithuania,LTU,2007,1.3395644
Lithuania,LTU,2008,0.14939542
Lithuania,LTU,2009,2.2432506
Lithuania,LTU,2010,1.5343399
Lithuania,LTU,2011,0.70057505
Lithuania,LTU,2012,0.9477926
Lithuania,LTU,2013,0.70500815
Lithuania,LTU,2014,1.262026
Lithuania,LTU,2015,0.7198586
Lithuania,LTU,2016,1.2705059
Lithuania,LTU,2017,1.0225073
Lithuania,LTU,2018,0.92501366
Lithuania,LTU,2019,0.54792964
Luxembourg,LUX,1985,0
Luxembourg,LUX,1991,0
Luxembourg,LUX,1994,0
Luxembourg,LUX,1997,0
Luxembourg,LUX,2000,0
Luxembourg,LUX,2003,0.07174669
Luxembourg,LUX,2004,0.018192332
Luxembourg,LUX,2005,0.03469405
Luxembourg,LUX,2006,0
Luxembourg,LUX,2007,0.021916224
Luxembourg,LUX,2008,0
Luxembourg,LUX,2009,0.044111025
Luxembourg,LUX,2010,0
Luxembourg,LUX,2011,0.11757935
Luxembourg,LUX,2012,0.043618947
Luxembourg,LUX,2013,0.08910331
Luxembourg,LUX,2014,0.13992491
Luxembourg,LUX,2015,0.30012453
Luxembourg,LUX,2016,0.117219515
Luxembourg,LUX,2017,0.28312987
Luxembourg,LUX,2018,0.28481784
Luxembourg,LUX,2019,0.10118747
Madagascar,MDG,1980,48.69854
Madagascar,MDG,1993,73.25071
Madagascar,MDG,1997,69.3703
Madagascar,MDG,1999,66.86746
Madagascar,MDG,2001,70.9964
Madagascar,MDG,2005,74.22137
Madagascar,MDG,2010,80.15473
Madagascar,MDG,2012,80.73006
Malawi,MWI,1997,58.4548
Malawi,MWI,2004,68.86458
Malawi,MWI,2010,68.42151
Malawi,MWI,2016,65.735725
Malawi,MWI,2019,70.0606
Malaysia,MYS,1984,3.5981493
Malaysia,MYS,1987,2.865874
Malaysia,MYS,1989,2.24344
Malaysia,MYS,1992,2.0359619
Malaysia,MYS,1995,2.4753273
Malaysia,MYS,1997,0.7178662
Malaysia,MYS,2003,1.5712517
Malaysia,MYS,2006,0.7701382
Malaysia,MYS,2008,0.69657385
Malaysia,MYS,2011,0.13992567
Malaysia,MYS,2013,0.03397699
Malaysia,MYS,2015,0.019036654
Maldives,MDV,2002,6.6081805
Maldives,MDV,2009,3.772896
Maldives,MDV,2016,0
Maldives,MDV,2019,0
Mali,MLI,1994,84.49572
Mali,MLI,2001,57.15224
Mali,MLI,2006,49.676163
Mali,MLI,2009,48.172142
Mali,MLI,2018,14.791442
Malta,MLT,2006,0.51195854
Malta,MLT,2007,0.41032436
Malta,MLT,2008,0.10901151
Malta,MLT,2009,0.4304454
Malta,MLT,2010,0.21927387
Malta,MLT,2011,0.1857052
Malta,MLT,2012,0.11772207
Malta,MLT,2013,0.029666144
Malta,MLT,2014,0
Malta,MLT,2015,0.08437797
Malta,MLT,2016,0.092087105
Malta,MLT,2017,0.15988651
Malta,MLT,2018,0.10338061
Malta,MLT,2019,0.30468178
Marshall Islands,MHL,2019,0.85434437
Mauritania,MRT,1987,41.3743
Mauritania,MRT,1993,42.84811
Mauritania,MRT,1995,21.832048
Mauritania,MRT,2000,21.487999
Mauritania,MRT,2004,18.126389
Mauritania,MRT,2008,11.842612
Mauritania,MRT,2014,6.490837
Mauritius,MUS,2006,0.30761176
Mauritius,MUS,2012,0.4123899
Mauritius,MUS,2017,0.12531371
Mexico,MEX,1984,8.306812
Mexico,MEX,1989,9.0535145
Mexico,MEX,1992,7.377366
Mexico,MEX,1994,7.310464
Mexico,MEX,1996,18.096878
Mexico,MEX,1998,12.903285
Mexico,MEX,2000,8.923511
Mexico,MEX,2002,6.588873
Mexico,MEX,2004,5.9505153
Mexico,MEX,2005,6.5445247
Mexico,MEX,2006,4.1524005
Mexico,MEX,2008,5.3621807
Mexico,MEX,2010,4.51838
Mexico,MEX,2012,3.8398933
Mexico,MEX,2014,3.7135117
Mexico,MEX,2016,3.2149105
Mexico,MEX,2018,2.6293807
Mexico,MEX,2020,3.1000051
Micronesia (country),FSM,2005,8.559807
Micronesia (country),FSM,2013,16.028439
Micronesia (country) - urban,,2000,43.447353
Middle East and North Africa,,1990,6.1381335
Middle East and North Africa,,1991,6.8577642
Middle East and North Africa,,1992,5.5800834
Middle East and North Africa,,1993,5.099292
Middle East and North Africa,,1994,4.851838
Middle East and North Africa,,1995,5.251272
Middle East and North Africa,,1996,4.835881
Middle East and North Africa,,1997,4.620328
Middle East and North Africa,,1998,4.155836
Middle East and North Africa,,1999,3.9872892
Middle East and North Africa,,2000,3.596901
Middle East and North Africa,,2001,3.4887393
Middle East and North Africa,,2003,3.2124746
Middle East and North Africa,,2004,2.9230711
Middle East and North Africa,,2005,2.685089
Middle East and North Africa,,2006,2.5888956
Middle East and North Africa,,2007,2.4681768
Middle East and North Africa,,2008,2.3634994
Middle East and North Africa,,2009,2.2093685
Middle East and North Africa,,2010,1.8151504
Middle East and North Africa,,2011,2.0879261
Middle East and North Africa,,2012,2.053052
Middle East and North Africa,,2013,2.189634
Middle East and North Africa,,2014,2.562247
Middle East and North Africa,,2015,4.8352423
Middle East and North Africa,,2016,5.438899
Middle East and North Africa,,2017,5.971921
Middle East and North Africa,,2018,7.498408
Moldova,MDA,1997,13.00948
Moldova,MDA,1998,24.047401
Moldova,MDA,1999,33.508854
Moldova,MDA,2000,31.084381
Moldova,MDA,2001,23.255726
Moldova,MDA,2002,13.558622
Moldova,MDA,2003,5.6087055
Moldova,MDA,2004,6.550409
Moldova,MDA,2005,10.87486
Moldova,MDA,2006,1.9625397
Moldova,MDA,2007,0.9524417
Moldova,MDA,2008,0.9574249
Moldova,MDA,2009,0.65801674
Moldova,MDA,2010,0.41040125
Moldova,MDA,2011,0.2166971
Moldova,MDA,2012,0.13851035
Moldova,MDA,2013,0.025188604
Moldova,MDA,2014,0
Moldova,MDA,2015,0.031209243
Moldova,MDA,2016,0.108054414
Moldova,MDA,2017,0
Moldova,MDA,2018,0
Moldova,MDA,2019,0.02864514
Mongolia,MNG,1995,14.8996
Mongolia,MNG,1998,28.444017
Mongolia,MNG,2002,11.612102
Mongolia,MNG,2007,1.6951886
Mongolia,MNG,2010,1.1435707
Mongolia,MNG,2011,0.8566814
Mongolia,MNG,2012,0.47310933
Mongolia,MNG,2014,0.32755226
Mongolia,MNG,2016,0.7064973
Mongolia,MNG,2018,0.7115856
Montenegro,MNE,2005,0.22841841
Montenegro,MNE,2006,0
Montenegro,MNE,2007,0.36064506
Montenegro,MNE,2008,0.093895994
Montenegro,MNE,2009,0
Montenegro,MNE,2010,0
Montenegro,MNE,2011,0.21124175
Montenegro,MNE,2012,1.2642962
Montenegro,MNE,2013,1.0383036
Montenegro,MNE,2014,0
Montenegro,MNE,2015,1.3457713
Montenegro,MNE,2016,2.4743311
Montenegro,MNE,2017,3.3115063
Montenegro,MNE,2018,2.839833
Morocco,MAR,1984,13.195373
Morocco,MAR,1990,4.728802
Morocco,MAR,1998,8.375334
Morocco,MAR,2000,7.9340315
Morocco,MAR,2006,4.242266
Morocco,MAR,2013,1.4431101
Mozambique,MOZ,1996,82.68429
Mozambique,MOZ,2002,80.58823
Mozambique,MOZ,2008,70.795815
Mozambique,MOZ,2014,64.64086
Myanmar,MMR,2015,6.2170024
Myanmar,MMR,2017,1.9911567
Namibia,NAM,1993,53.51683
Namibia,NAM,2003,35.861526
Namibia,NAM,2009,26.94403
Namibia,NAM,2015,15.617014
Nauru,NRU,2012,1.3882127
Nepal,NPL,1984,68.46162
Nepal,NPL,1995,55.155144
Nepal,NPL,2003,40.306755
Nepal,NPL,2010,8.2404995
Netherlands,NLD,1983,0.45828018
Netherlands,NLD,1987,0.24944825
Netherlands,NLD,1990,0.9527308
Netherlands,NLD,1993,0.97140557
Netherlands,NLD,1999,0.20289831
Netherlands,NLD,2004,0.23587565
Netherlands,NLD,2005,0.14832003
Netherlands,NLD,2006,0.045792855
Netherlands,NLD,2007,0.028631331
Netherlands,NLD,2008,0.13360895
Netherlands,NLD,2009,0.1107701
Netherlands,NLD,2010,0.04743891
Netherlands,NLD,2011,0.09605309
Netherlands,NLD,2012,0.075842194
Netherlands,NLD,2013,0.08687879
Netherlands,NLD,2014,0.057712957
Netherlands,NLD,2015,0.06166262
Netherlands,NLD,2016,0.045917112
Netherlands,NLD,2017,0.18876623
Netherlands,NLD,2018,0.10091632
Netherlands,NLD,2019,0.0957287
Nicaragua,NIC,1993,23.040741
Nicaragua,NIC,1998,17.558325
Nicaragua,NIC,2001,18.791191
Nicaragua,NIC,2005,17.257347
Nicaragua,NIC,2009,8.276644
Nicaragua,NIC,2014,3.9410286
Niger,NER,1992,84.36487
Niger,NER,1994,85.516365
Niger,NER,2005,80.50121
Niger,NER,2007,78.89103
Niger,NER,2011,60.559055
Niger,NER,2014,53.56471
Niger,NER,2018,50.633526
Nigeria,NGA,1985,47.821877
Nigeria,NGA,1992,52.353874
Nigeria,NGA,1996,58.419514
Nigeria,NGA,2003,47.878925
Nigeria,NGA,2010,34.885326
Nigeria,NGA,2012,33.828922
Nigeria,NGA,2015,32.25663
Nigeria,NGA,2018,30.863298
North Macedonia,MKD,1998,1.1362731
North Macedonia,MKD,2000,5.2176623
North Macedonia,MKD,2002,1.4565549
North Macedonia,MKD,2003,1.2436887
North Macedonia,MKD,2004,0.76593405
North Macedonia,MKD,2005,1.49612
North Macedonia,MKD,2006,2.8410087
North Macedonia,MKD,2008,0.63659596
North Macedonia,MKD,2009,9.767672
North Macedonia,MKD,2010,10.448227
North Macedonia,MKD,2011,9.087074
North Macedonia,MKD,2012,6.9127917
North Macedonia,MKD,2013,5.2256985
North Macedonia,MKD,2014,4.5167346
North Macedonia,MKD,2015,5.5025377
North Macedonia,MKD,2016,4.2366357
North Macedonia,MKD,2017,4.4940066
North Macedonia,MKD,2018,3.3985562
Norway,NOR,1979,0.22752123
Norway,NOR,1986,0.24487594
Norway,NOR,1991,0.47524884
Norway,NOR,1995,0.49103454
Norway,NOR,2000,0.23508184
Norway,NOR,2003,0.20452435
Norway,NOR,2004,0.26484486
Norway,NOR,2005,0.20196272
Norway,NOR,2006,0.13099638
Norway,NOR,2007,0.12668282
Norway,NOR,2008,0.22672549
Norway,NOR,2009,0.086947724
Norway,NOR,2010,0.15098813
Norway,NOR,2011,0.09757115
Norway,NOR,2012,0.11730681
Norway,NOR,2013,0.13043559
Norway,NOR,2014,0.11292123
Norway,NOR,2015,0.17004924
Norway,NOR,2016,0.2806733
Norway,NOR,2017,0.29165247
Norway,NOR,2018,0.2544613
Norway,NOR,2019,0.15653396
Pakistan,PAK,1987,67.33623
Pakistan,PAK,1990,65.1108
Pakistan,PAK,1996,22.29407
Pakistan,PAK,1998,29.7766
Pakistan,PAK,2001,33.275234
Pakistan,PAK,2004,20.203358
Pakistan,PAK,2005,20.296938
Pakistan,PAK,2007,14.898683
Pakistan,PAK,2010,9.381864
Pakistan,PAK,2011,9.587885
Pakistan,PAK,2013,7.362643
Pakistan,PAK,2015,5.1101885
Pakistan,PAK,2018,4.932448
Palestine,PSE,2004,0.5896262
Palestine,PSE,2005,0.20256644
Palestine,PSE,2006,0.31365532
Palestine,PSE,2007,1.3573977
Palestine,PSE,2009,0.2651386
Palestine,PSE,2010,0.04360255
Palestine,PSE,2011,0.18903968
Palestine,PSE,2016,0.5027173
Panama,PAN,1979,6.2494316
Panama,PAN,1989,22.480665
Panama,PAN,1991,20.110653
Panama,PAN,1995,15.478678
Panama,PAN,1997,14.221182
Panama,PAN,1998,14.458805
Panama,PAN,1999,12.275087
Panama,PAN,2000,11.071512
Panama,PAN,2001,14.062808
Panama,PAN,2002,9.564353
Panama,PAN,2003,9.920747
Panama,PAN,2004,8.794022
Panama,PAN,2005,8.564978
Panama,PAN,2006,9.389638
Panama,PAN,2007,6.665941
Panama,PAN,2008,4.0731487
Panama,PAN,2009,2.5282087
Panama,PAN,2010,3.3920667
Panama,PAN,2011,2.452237
Panama,PAN,2012,3.4651456
Panama,PAN,2013,2.2445593
Panama,PAN,2014,2.8937745
Panama,PAN,2015,1.5139549
Panama,PAN,2016,1.5169268
Panama,PAN,2017,2.0971286
Panama,PAN,2018,1.4056449
Panama,PAN,2019,1.0040995
Papua New Guinea,PNG,1996,52.644897
Papua New Guinea,PNG,2009,39.68331
Paraguay,PRY,1990,1.1892296
Paraguay,PRY,1995,12.403019
Paraguay,PRY,1997,10.553168
Paraguay,PRY,1999,10.206738
Paraguay,PRY,2001,8.94098
Paraguay,PRY,2002,13.235834
Paraguay,PRY,2003,8.302467
Paraguay,PRY,2004,5.707772
Paraguay,PRY,2005,6.07228
Paraguay,PRY,2006,7.947744
Paraguay,PRY,2007,7.842305
Paraguay,PRY,2008,4.3219876
Paraguay,PRY,2009,5.767492
Paraguay,PRY,2010,5.459741
Paraguay,PRY,2011,5.048014
Paraguay,PRY,2012,3.33131
Paraguay,PRY,2013,1.7875661
Paraguay,PRY,2014,2.413888
Paraguay,PRY,2015,1.8913447
Paraguay,PRY,2016,1.6942917
Paraguay,PRY,2017,0.98143935
Paraguay,PRY,2018,1.4066867
Paraguay,PRY,2019,1.0115107
Paraguay,PRY,2020,0.81328356
Peru,PER,1985,3.5189526
Peru,PER,1994,17.491875
Peru,PER,1997,19.88416
Peru,PER,1998,19.490759
Peru,PER,1999,19.33591
Peru,PER,2000,19.268627
Peru,PER,2001,20.32251
Peru,PER,2002,17.571697
Peru,PER,2003,14.712231
Peru,PER,2004,16.331991
Peru,PER,2005,17.828661
Peru,PER,2006,15.604822
Peru,PER,2007,13.240407
Peru,PER,2008,10.950466
Peru,PER,2009,8.822837
Peru,PER,2010,6.835758
Peru,PER,2011,6.508266
Peru,PER,2012,6.0819693
Peru,PER,2013,5.426512
Peru,PER,2014,4.8295493
Peru,PER,2015,4.74167
Peru,PER,2016,4.6180253
Peru,PER,2017,4.4970593
Peru,PER,2018,3.5692992
Peru,PER,2019,2.978064
Peru,PER,2020,5.825761
Philippines,PHL,1985,28.73037
Philippines,PHL,1988,25.76087
Philippines,PHL,1991,27.195015
Philippines,PHL,1994,25.580336
Philippines,PHL,1997,18.161642
Philippines,PHL,2000,15.031991
Philippines,PHL,2003,13.634614
Philippines,PHL,2006,15.298533
Philippines,PHL,2009,11.126217
Philippines,PHL,2012,12.485544
Philippines,PHL,2015,8.290904
Philippines,PHL,2018,5.0445986
Poland,POL,1985,0.19917114
Poland,POL,1986,0.24560687
Poland,POL,1987,0.15035278
Poland,POL,1989,0.08932983
Poland,POL,1992,0.22361156
Poland,POL,1993,0.17476197
Poland,POL,1995,1.7447743
Poland,POL,1996,3.0001245
Poland,POL,1998,0.031674005
Poland,POL,1999,0.07208982
Poland,POL,2000,0.13940534
Poland,POL,2001,0.08741436
Poland,POL,2002,0.084758155
Poland,POL,2003,0.07538549
Poland,POL,2004,0.10529657
Poland,POL,2005,0.18467622
Poland,POL,2006,0.039085574
Poland,POL,2007,0.031426504
Poland,POL,2008,0.012630831
Poland,POL,2009,0.015364228
Poland,POL,2010,0.0074669006
Poland,POL,2011,0.028970925
Poland,POL,2012,0.021968883
Poland,POL,2013,0.00905477
Poland,POL,2014,0.010303651
Poland,POL,2015,0
Poland,POL,2016,0.0045403675
Poland,POL,2017,0.0018125185
Poland,POL,2018,0.0064735403
Poland,POL,2019,0
Portugal,PRT,2003,0.8958964
Portugal,PRT,2004,0.53664833
Portugal,PRT,2005,0.5435212
Portugal,PRT,2006,0.092665896
Portugal,PRT,2007,0.25771356
Portugal,PRT,2008,0.13725239
Portugal,PRT,2009,0.16589661
Portugal,PRT,2010,0.13645983
Portugal,PRT,2011,0.5080361
Portugal,PRT,2012,0.70321065
Portugal,PRT,2013,0.8551859
Portugal,PRT,2014,0.5456738
Portugal,PRT,2015,0.48239425
Portugal,PRT,2016,0.374637
Portugal,PRT,2017,0.410496
Portugal,PRT,2018,0.2902539
Portugal,PRT,2019,0.14872062
Romania,ROU,1989,0.28460327
Romania,ROU,1992,0.5531042
Romania,ROU,1994,8.907146
Romania,ROU,1995,1.7485843
Romania,ROU,1997,2.2489161
Romania,ROU,1998,1.66049
Romania,ROU,1999,5.3288736
Romania,ROU,2000,6.21738
Romania,ROU,2001,4.441618
Romania,ROU,2002,4.587095
Romania,ROU,2003,3.1756172
Romania,ROU,2004,2.2387342
Romania,ROU,2005,1.7717738
Romania,ROU,2006,1.932632
Romania,ROU,2007,0.86101323
Romania,ROU,2008,0
Romania,ROU,2009,0
Romania,ROU,2010,0
Romania,ROU,2011,0
Romania,ROU,2012,0
Romania,ROU,2013,0
Romania,ROU,2014,7.022674
Romania,ROU,2015,5.266119
Romania,ROU,2016,0
Romania,ROU,2017,3.2661333
Romania,ROU,2018,0
Romania,ROU,2019,2.1640766
Russia,RUS,1993,3.5288973
Russia,RUS,1996,4.656504
Russia,RUS,1997,1.5220835
Russia,RUS,1998,2.2844472
Russia,RUS,1999,4.385637
Russia,RUS,2000,2.9754066
Russia,RUS,2001,1.7576265
Russia,RUS,2002,1.0113968
Russia,RUS,2003,1.0929874
Russia,RUS,2004,1.0032749
Russia,RUS,2005,0.7747562
Russia,RUS,2006,0.44096822
Russia,RUS,2007,0.20139945
Russia,RUS,2008,0.09212515
Russia,RUS,2009,0.066181496
Russia,RUS,2010,0.08332945
Russia,RUS,2011,0.038264908
Russia,RUS,2012,0.0322114
Russia,RUS,2013,0.008163993
Russia,RUS,2014,0.021315759
Russia,RUS,2015,0.03634019
Russia,RUS,2016,0.027193299
Russia,RUS,2017,0.033431694
Russia,RUS,2018,0.02919221
Russia,RUS,2019,0.030001637
Russia,RUS,2020,0.010164272
Rwanda,RWA,2000,75.21361
Rwanda,RWA,2005,66.05174
Rwanda,RWA,2010,59.20516
Rwanda,RWA,2013,53.74719
Rwanda,RWA,2016,52.005394
Rwanda - rural,,1984,58.59115
Saint Lucia,LCA,1995,38.123405
Saint Lucia,LCA,2016,5.122805
Samoa,WSM,2002,2.1781778
Samoa,WSM,2008,1.052526
Samoa,WSM,2013,1.150477
Sao Tome and Principe,STP,2000,20.446453
Sao Tome and Principe,STP,2010,22.61579
Sao Tome and Principe,STP,2017,15.5519
Senegal,SEN,1991,70.09888
Senegal,SEN,1994,60.251854
Senegal,SEN,2001,52.44071
Senegal,SEN,2005,41.061752
Senegal,SEN,2011,40.984364
Senegal,SEN,2018,9.3354845
Serbia,SRB,2002,0.12799849
Serbia,SRB,2003,0.38046145
Serbia,SRB,2004,0.79666847
Serbia,SRB,2005,0.7877403
Serbia,SRB,2006,0.47052857
Serbia,SRB,2007,0.36930904
Serbia,SRB,2008,0.111986026
Serbia,SRB,2009,0.14450179
Serbia,SRB,2010,0.0977794
Serbia,SRB,2012,5.340191
Serbia,SRB,2013,0.225479
Serbia,SRB,2014,6.9231505
Serbia,SRB,2015,0.07171906
Serbia,SRB,2016,6.356387
Serbia,SRB,2017,5.394842
Serbia,SRB,2018,0.03704303
Serbia,SRB,2019,0.045231834
Seychelles,SYC,1999,0.7582651
Seychelles,SYC,2006,0.37248194
Seychelles,SYC,2013,1.2360592
Seychelles,SYC,2018,0.51100403
Sierra Leone,SLE,1989,67.086426
Sierra Leone,SLE,2003,61.331978
Sierra Leone,SLE,2011,38.698128
Sierra Leone,SLE,2018,26.062035
Slovakia,SVK,1992,0
Slovakia,SVK,1996,1.4934819
Slovakia,SVK,2004,0.075020544
Slovakia,SVK,2005,0.09284781
Slovakia,SVK,2006,0
Slovakia,SVK,2007,0
Slovakia,SVK,2008,0
Slovakia,SVK,2009,0
Slovakia,SVK,2010,0.4951079
Slovakia,SVK,2011,0.42386076
Slovakia,SVK,2012,0.40092897
Slovakia,SVK,2013,0.28149927
Slovakia,SVK,2014,0.6754492
Slovakia,SVK,2015,0.6617598
Slovakia,SVK,2016,1.3807007
Slovakia,SVK,2017,0.22536847
Slovakia,SVK,2018,0.16945708
Slovakia,SVK,2019,0.11811626
Slovenia,SVN,1987,0.016102295
Slovenia,SVN,1993,0.040511474
Slovenia,SVN,1997,0
Slovenia,SVN,1998,0.028306885
Slovenia,SVN,1999,0
Slovenia,SVN,2002,0
Slovenia,SVN,2003,0
Slovenia,SVN,2004,0.025957223
Slovenia,SVN,2005,0.101450935
Slovenia,SVN,2006,0.05046054
Slovenia,SVN,2007,0.032348868
Slovenia,SVN,2008,0
Slovenia,SVN,2009,0
Slovenia,SVN,2010,0.009157744
Slovenia,SVN,2011,0
Slovenia,SVN,2012,0.026254447
Slovenia,SVN,2013,0.021756856
Slovenia,SVN,2014,0
Slovenia,SVN,2015,0.004852958
Slovenia,SVN,2016,0
Slovenia,SVN,2017,0
Slovenia,SVN,2018,0
Slovenia,SVN,2019,0
Solomon Islands,SLB,2005,50.6165
Solomon Islands,SLB,2012,26.564886
Somalia,SOM,2017,70.726204
South Africa,ZAF,1993,33.537712
South Africa,ZAF,2000,36.822968
South Africa,ZAF,2005,28.32474
South Africa,ZAF,2008,18.662973
South Africa,ZAF,2010,18.063887
South Africa,ZAF,2014,20.48492
South Asia,,1990,49.66865
South Asia,,1991,48.966072
South Asia,,1992,47.225376
South Asia,,1993,46.120113
South Asia,,1994,45.324055
South Asia,,1995,43.461273
South Asia,,1996,42.100456
South Asia,,2002,39.903328
South Asia,,2003,38.733585
South Asia,,2004,36.9022
South Asia,,2005,35.050934
South Asia,,2006,33.633858
South Asia,,2007,31.838003
South Asia,,2008,30.444138
South Asia,,2009,29.374912
South Asia,,2010,26.220333
South Asia,,2011,21.482456
South Asia,,2012,19.740467
South Asia,,2013,18.942894
South Asia,,2014,17.976181
South Asia,,2015,16.712648
South Asia,,2016,15.774388
South Asia,,2017,12.587551
South Asia,,2018,10.015863
South Asia,,2019,8.513138
South Korea,KOR,2006,0.24944234
South Korea,KOR,2008,0.24275911
South Korea,KOR,2010,0.49589974
South Korea,KOR,2012,0.24928063
South Korea,KOR,2014,0.23564287
South Korea,KOR,2016,0.22666514
South Sudan,SSD,2009,34.54165
South Sudan,SSD,2016,67.32726
Spain,ESP,1980,0.49692678
Spain,ESP,1985,0.23731555
Spain,ESP,1990,0.4944265
Spain,ESP,1995,1.2448294
Spain,ESP,2000,0.48738155
Spain,ESP,2003,0.8087511
Spain,ESP,2004,0.8176518
Spain,ESP,2005,0.7379749
Spain,ESP,2006,0.76963174
Spain,ESP,2007,0.36304083
Spain,ESP,2008,0.48891857
Spain,ESP,2009,0.8056004
Spain,ESP,2010,0.67572516
Spain,ESP,2011,1.1273296
Spain,ESP,2012,0.93659365
Spain,ESP,2013,1.136304
Spain,ESP,2014,0.78715724
Spain,ESP,2015,0.90352696
Spain,ESP,2016,1.1252797
Spain,ESP,2017,0.6780911
Spain,ESP,2018,0.8386145
Spain,ESP,2019,0.7938134
Sri Lanka,LKA,1985,16.94997
Sri Lanka,LKA,1990,11.616388
Sri Lanka,LKA,1995,11.775273
Sri Lanka,LKA,2002,11.017083
Sri Lanka,LKA,2006,5.6293645
Sri Lanka,LKA,2009,3.4954607
Sri Lanka,LKA,2012,2.5871487
Sri Lanka,LKA,2016,1.2953176
Sub-Saharan Africa,,1990,53.29038
Sub-Saharan Africa,,1991,55.21326
Sub-Saharan Africa,,1992,56.712296
Sub-Saharan Africa,,1993,58.043564
Sub-Saharan Africa,,1994,58.66693
Sub-Saharan Africa,,1995,57.960728
Sub-Saharan Africa,,1996,57.0166
Sub-Saharan Africa,,1997,56.673847
Sub-Saharan Africa,,1998,56.48012
Sub-Saharan Africa,,1999,56.294956
Sub-Saharan Africa,,2000,55.782543
Sub-Saharan Africa,,2001,55.009876
Sub-Saharan Africa,,2002,54.00506
Sub-Saharan Africa,,2003,52.881336
Sub-Saharan Africa,,2004,50.361458
Sub-Saharan Africa,,2005,48.699123
Sub-Saharan Africa,,2006,47.340977
Sub-Saharan Africa,,2007,46.04481
Sub-Saharan Africa,,2008,44.501587
Sub-Saharan Africa,,2009,43.999237
Sub-Saharan Africa,,2010,42.12702
Sub-Saharan Africa,,2011,40.926025
Sub-Saharan Africa,,2012,40.25823
Sub-Saharan Africa,,2013,39.18807
Sub-Saharan Africa,,2014,38.055363
Sub-Saharan Africa,,2015,37.99973
Sub-Saharan Africa,,2016,37.53479
Sub-Saharan Africa,,2017,36.68992
Sub-Saharan Africa,,2018,35.689655
Sub-Saharan Africa,,2019,35.141674
Sudan,SDN,2009,18.576168
Sudan,SDN,2014,15.26306
Suriname - urban,,1999,18.417946
Sweden,SWE,1967,7.998358
Sweden,SWE,1975,0.49898672
Sweden,SWE,1981,0.24968058
Sweden,SWE,1987,0.2462553
Sweden,SWE,1992,0.2435132
Sweden,SWE,1995,0.24724913
Sweden,SWE,2000,0
Sweden,SWE,2003,0.32370964
Sweden,SWE,2004,0.39717203
Sweden,SWE,2005,1.0845832
Sweden,SWE,2006,0.36438262
Sweden,SWE,2007,0.41083917
Sweden,SWE,2008,0.5764025
Sweden,SWE,2009,0.45801592
Sweden,SWE,2010,0.5474092
Sweden,SWE,2011,0.6156513
Sweden,SWE,2012,0.45700213
Sweden,SWE,2013,0.65087146
Sweden,SWE,2014,0.47433355
Sweden,SWE,2015,0.5691551
Sweden,SWE,2016,0.26145265
Sweden,SWE,2017,0.24834995
Sweden,SWE,2018,0.72550684
Sweden,SWE,2019,0.3165186
Switzerland,CHE,1982,0.69740707
Switzerland,CHE,1992,0.49456295
Switzerland,CHE,2000,0
Switzerland,CHE,2002,0
Switzerland,CHE,2006,0.046570357
Switzerland,CHE,2007,0.0208164
Switzerland,CHE,2008,0.068479605
Switzerland,CHE,2009,0.03805773
Switzerland,CHE,2010,0.048670206
Switzerland,CHE,2011,0.0031113164
Switzerland,CHE,2012,0.008965495
Switzerland,CHE,2013,0.042183742
Switzerland,CHE,2014,0.032768063
Switzerland,CHE,2015,0.030542556
Switzerland,CHE,2016,0.03427533
Switzerland,CHE,2017,0
Switzerland,CHE,2018,0.03050398
Syria,SYR,1996,2.4686654
Syria,SYR,2003,1.0981212
Taiwan,TWN,1981,0
Taiwan,TWN,1986,0
Taiwan,TWN,1991,0
Taiwan,TWN,1995,0.49881068
Taiwan,TWN,1997,0
Taiwan,TWN,2000,0
Taiwan,TWN,2005,0
Taiwan,TWN,2007,0
Taiwan,TWN,2010,0.2410054
Taiwan,TWN,2013,0
Taiwan,TWN,2016,0
Tajikistan,TJK,1999,61.962402
Tajikistan,TJK,2003,36.74976
Tajikistan,TJK,2004,21.35816
Tajikistan,TJK,2007,12.797472
Tajikistan,TJK,2009,6.7921157
Tajikistan,TJK,2015,6.114529
Tanzania,TZA,1991,69.288864
Tanzania,TZA,2000,84.03533
Tanzania,TZA,2007,56.24071
Tanzania,TZA,2011,44.655464
Tanzania,TZA,2018,44.94932
Thailand,THA,1981,22.72825
Thailand,THA,1988,18.048384
Thailand,THA,1990,12.345011
Thailand,THA,1992,8.9950075
Thailand,THA,1994,4.5039864
Thailand,THA,1996,3.0861952
Thailand,THA,1998,2.1752708
Thailand,THA,1999,3.9505312
Thailand,THA,2000,3.9674914
Thailand,THA,2002,1.7592949
Thailand,THA,2004,1.1857114
Thailand,THA,2006,0.92987514
Thailand,THA,2007,0.54169595
Thailand,THA,2008,0.30446866
Thailand,THA,2009,0.2472266
Thailand,THA,2010,0.26523823
Thailand,THA,2011,0.07156153
Thailand,THA,2012,0.11532052
Thailand,THA,2013,0.060821895
Thailand,THA,2014,0.090258256
Thailand,THA,2015,0.04653752
Thailand,THA,2016,0.0361475
Thailand,THA,2017,0.037088282
Thailand,THA,2018,0.032133956
Thailand,THA,2019,0.0950376
Thailand,THA,2020,0.046665337
Togo,TGO,2006,60.969154
Togo,TGO,2011,58.887207
Togo,TGO,2015,54.69216
Togo,TGO,2018,28.069855
Tonga,TON,2000,3.0948093
Tonga,TON,2009,1.2616102
Tonga,TON,2015,1.1047494
Trinidad and Tobago,TTO,1988,0
Trinidad and Tobago,TTO,1992,2.0847802
Tunisia,TUN,1985,12.287817
Tunisia,TUN,1990,8.553213
Tunisia,TUN,1995,9.480762
Tunisia,TUN,2000,4.3792434
Tunisia,TUN,2005,2.5680616
Tunisia,TUN,2010,1.4960226
Tunisia,TUN,2015,0.14006154
Turkey,TUR,1987,2.1580079
Turkey,TUR,1994,2.951306
Turkey,TUR,2002,2.1044152
Turkey,TUR,2003,3.8555896
Turkey,TUR,2004,2.0136497
Turkey,TUR,2005,2.3406665
Turkey,TUR,2006,1.7702271
Turkey,TUR,2007,1.3053389
Turkey,TUR,2008,0.56494784
Turkey,TUR,2009,0.72039
Turkey,TUR,2010,0.77376914
Turkey,TUR,2011,0.12952742
Turkey,TUR,2012,0.09306085
Turkey,TUR,2013,0.29810533
Turkey,TUR,2014,0.20468257
Turkey,TUR,2015,0.21237285
Turkey,TUR,2016,0.20271699
Turkey,TUR,2017,0.13864726
Turkey,TUR,2018,0.040396955
Turkey,TUR,2019,0.3606098
Turkmenistan,TKM,1998,43.115105
Tuvalu,TUV,2010,3.625352
Uganda,UGA,1989,59.40698
Uganda,UGA,1992,65.858734
Uganda,UGA,1996,64.934425
Uganda,UGA,1999,68.67173
Uganda,UGA,2002,66.704
Uganda,UGA,2005,58.031532
Uganda,UGA,2009,46.715183
Uganda,UGA,2012,37.544044
Uganda,UGA,2016,42.730892
Uganda,UGA,2019,42.20773
Ukraine,UKR,1992,3.9067447
Ukraine,UKR,1993,1.9460162
Ukraine,UKR,1995,7.100867
Ukraine,UKR,1996,7.208013
Ukraine,UKR,1999,11.726406
Ukraine,UKR,2002,2.662997
Ukraine,UKR,2003,1.138516
Ukraine,UKR,2004,0.9296716
Ukraine,UKR,2005,0.3968115
Ukraine,UKR,2006,0.16045214
Ukraine,UKR,2007,0.10203078
Ukraine,UKR,2008,0.026821088
Ukraine,UKR,2009,0.069318265
Ukraine,UKR,2010,0.012536798
Ukraine,UKR,2011,0.011348582
Ukraine,UKR,2012,0.11384704
Ukraine,UKR,2013,0.004414646
Ukraine,UKR,2014,0.012276274
Ukraine,UKR,2015,0.12321676
Ukraine,UKR,2016,0.0983475
Ukraine,UKR,2017,0.03222395
Ukraine,UKR,2018,0.0099352235
Ukraine,UKR,2019,0
Ukraine,UKR,2020,0.028825609
United Arab Emirates,ARE,2013,0
United Kingdom,GBR,1969,0.23430556
United Kingdom,GBR,1974,0.23726669
United Kingdom,GBR,1979,0.22443618
United Kingdom,GBR,1986,0.99288434
United Kingdom,GBR,1991,0.24079676
United Kingdom,GBR,1994,0.24662726
United Kingdom,GBR,1995,0.2471414
United Kingdom,GBR,1996,0.2463672
United Kingdom,GBR,1997,0.24725114
United Kingdom,GBR,1998,0.24555744
United Kingdom,GBR,1999,0.2485319
United Kingdom,GBR,2000,0.24815138
United Kingdom,GBR,2001,0.23821339
United Kingdom,GBR,2002,0.24294825
United Kingdom,GBR,2003,0.24797288
United Kingdom,GBR,2004,0.37132296
United Kingdom,GBR,2005,0.5231941
United Kingdom,GBR,2006,0.19794393
United Kingdom,GBR,2007,0.2668052
United Kingdom,GBR,2008,0.29490337
United Kingdom,GBR,2009,0.17264761
United Kingdom,GBR,2010,0.16331407
United Kingdom,GBR,2011,0.37893906
United Kingdom,GBR,2012,0.16891755
United Kingdom,GBR,2013,0.15960233
United Kingdom,GBR,2014,0.19663477
United Kingdom,GBR,2015,0.14745727
United Kingdom,GBR,2016,0.21026169
United Kingdom,GBR,2017,0.3115665
United States,USA,1974,0.7359461
United States,USA,1979,0.49915838
United States,USA,1986,0.4989878
United States,USA,1991,0.4993872
United States,USA,1992,0.49789932
United States,USA,1993,0.49965855
United States,USA,1994,0.49979278
United States,USA,1995,0.49998137
United States,USA,1996,0.7485454
United States,USA,1997,0.74906164
United States,USA,1998,0.7488341
United States,USA,1999,0.74805623
United States,USA,2000,0.74959534
United States,USA,2001,0.7493069
United States,USA,2002,0.74891585
United States,USA,2003,0.9974197
United States,USA,2004,0.99988204
United States,USA,2005,0.99973184
United States,USA,2006,0.9989092
United States,USA,2007,0.99989045
United States,USA,2008,0.99974924
United States,USA,2009,0.999386
United States,USA,2010,0.9997268
United States,USA,2011,0.9989762
United States,USA,2012,0.99847966
United States,USA,2013,0.9954639
United States,USA,2014,1.2489468
United States,USA,2015,1.2491881
United States,USA,2016,0.9993911
United States,USA,2017,1.2499229
United States,USA,2018,0.99979186
United States,USA,2019,0.99917054
Uruguay,URY,2006,0.5640883
Uruguay,URY,2007,0.38097277
Uruguay,URY,2008,0.22757798
Uruguay,URY,2009,0.28220025
Uruguay,URY,2010,0.16911624
Uruguay,URY,2011,0.13941856
Uruguay,URY,2012,0.1693853
Uruguay,URY,2013,0.17424801
Uruguay,URY,2014,0.15346178
Uruguay,URY,2015,0.14976594
Uruguay,URY,2016,0.09227166
Uruguay,URY,2017,0.06634591
Uruguay,URY,2018,0.055849954
Uruguay,URY,2019,0.10207201
Uruguay,URY,2020,0.2030182
Uruguay - urban,,1981,0
Uruguay - urban,,1989,0.67813146
Uruguay - urban,,1992,0.5608615
Uruguay - urban,,1995,0.5344624
Uruguay - urban,,1996,0.59042615
Uruguay - urban,,1997,0.5678494
Uruguay - urban,,1998,0.6430772
Uruguay - urban,,2000,0.6551213
Uruguay - urban,,2001,0.49742898
Uruguay - urban,,2002,0.6346368
Uruguay - urban,,2003,0.8112069
Uruguay - urban,,2004,1.0326413
Uruguay - urban,,2005,0.8616673
Uzbekistan,UZB,1998,59.3989
Uzbekistan,UZB,2000,82.30408
Uzbekistan,UZB,2002,81.33505
Uzbekistan,UZB,2003,82.196815
Vanuatu,VUT,2010,14.65042
Vanuatu,VUT,2019,9.999461
Venezuela,VEN,1981,6.6803727
Venezuela,VEN,1987,7.0305157
Venezuela,VEN,1989,5.318249
Venezuela,VEN,1992,4.5260434
Venezuela,VEN,1995,9.928085
Venezuela,VEN,1998,10.43187
Venezuela,VEN,1999,11.833123
Venezuela,VEN,2001,10.2914915
Venezuela,VEN,2002,16.381353
Venezuela,VEN,2003,19.652534
Venezuela,VEN,2004,16.609013
Venezuela,VEN,2005,14.35571
Venezuela,VEN,2006,7.130037
Vietnam,VNM,1992,45.069004
Vietnam,VNM,1997,24.389482
Vietnam,VNM,2002,29.939255
Vietnam,VNM,2004,20.142012
Vietnam,VNM,2006,14.901669
Vietnam,VNM,2008,11.139827
Vietnam,VNM,2010,2.8704822
Vietnam,VNM,2012,1.6601623
Vietnam,VNM,2014,1.9120458
Vietnam,VNM,2016,1.2634453
Vietnam,VNM,2018,1.2314411
World,OWID_WRL,1990,37.806892
World,OWID_WRL,1991,37.350742
World,OWID_WRL,1992,36.485325
World,OWID_WRL,1993,35.61762
World,OWID_WRL,1994,34.272564
World,OWID_WRL,1995,32.792145
World,OWID_WRL,1996,31.25664
World,OWID_WRL,1997,31.059717
World,OWID_WRL,1998,31.256773
World,OWID_WRL,1999,30.309404
World,OWID_WRL,2000,29.134514
World,OWID_WRL,2001,28.252064
World,OWID_WRL,2002,26.850964
World,OWID_WRL,2003,25.53824
World,OWID_WRL,2004,23.647232
World,OWID_WRL,2005,21.688374
World,OWID_WRL,2006,20.888735
World,OWID_WRL,2007,19.644857
World,OWID_WRL,2008,18.787159
World,OWID_WRL,2009,17.898111
World,OWID_WRL,2010,16.277916
World,OWID_WRL,2011,14.202945
World,OWID_WRL,2012,13.252827
World,OWID_WRL,2013,11.727619
World,OWID_WRL,2014,11.178605
World,OWID_WRL,2015,10.793126
World,OWID_WRL,2016,10.469358
World,OWID_WRL,2017,9.610585
World,OWID_WRL,2018,8.859537
World,OWID_WRL,2019,8.435035
Yemen,YEM,1998,8.098642
Yemen,YEM,2005,10.542901
Yemen,YEM,2014,19.802757
Zambia,ZMB,1991,57.4386
Zambia,ZMB,1993,59.056046
Zambia,ZMB,1996,46.773384
Zambia,ZMB,1998,47.22561
Zambia,ZMB,2002,56.38885
Zambia,ZMB,2004,61.062458
Zambia,ZMB,2006,64.69803
Zambia,ZMB,2010,68.456604
Zambia,ZMB,2015,61.35216
Zimbabwe,ZWE,2011,21.580063
Zimbabwe,ZWE,2017,34.206047
Zimbabwe,ZWE,2019,39.75453